<?xml version="1.0" encoding="UTF-8"?>
<!--
   ====================================================================
   Licensed to the Apache Software Foundation (ASF) under one or more
   contributor license agreements.  See the NOTICE file distributed with
   this work for additional information regarding copyright ownership.
   The ASF licenses this file to You under the Apache License, Version 2.0
   (the "License"); you may not use this file except in compliance with
   the License.  You may obtain a copy of the License at

       http://www.apache.org/licenses/LICENSE-2.0

   Unless required by applicable law or agreed to in writing, software
   distributed under the License is distributed on an "AS IS" BASIS,
   WITHOUT WARRANTIES OR CONDITIONS OF ANY KIND, either express or implied.
   See the License for the specific language governing permissions and
   limitations under the License.
   ====================================================================
-->
<!DOCTYPE document PUBLIC "-//APACHE//DTD Documentation V1.3//EN" "./dtd/document-v13.dtd">

<document>
  <header>
    <title>Apache POI - Legal Stuff</title>
    <authors>
      <person id="TK" name="Tetsuya Kitahata" email="tetsuya@apache.org"/>
    </authors>
  </header>

  <body>
    <section><title>Apache POI - Legal Stuff</title>
<p>
All material on this website is Copyright &#169; 2002-2009, The Apache
Software Foundation
</p>

<p>
Sun, Sun Microsystems, Solaris, Java, JavaServer Web Development Kit,
and JavaServer Pages are trademarks or registered trademarks of Sun
Microsystems, Inc. UNIX is a registered trademark in the United States
and other countries, exclusively licensed through 'The Open Group'.
Microsoft, Windows, WindowsNT, Excel, Word, PowerPoint and Win32 are
registered trademarks of
Microsoft Corporation. Linux is a registered trademark of Linus Torvalds.
All other product names mentioned herein and throughout the entire
web site are trademarks of their respective owners.
</p>

  <section><title>Cryptography Notice</title>
  <p>
   This distribution includes cryptographic software.  The country in 
   which you currently reside may have restrictions on the import, 
   possession, use, and/or re-export to another country, of 
   encryption software.  BEFORE using any encryption software, please 
   check your country's laws, regulations and policies concerning the
   import, possession, or use, and re-export of encryption software, to 
   see if this is permitted.  See 
   <link href="http://www.wassenaar.org/">http://www.wassenaar.org/</link>
   for more information.
  </p>

  <p>
   The U.S. Government Department of Commerce, Bureau of Industry and
   Security (BIS), has classified this software as Export Commodity 
   Control Number (ECCN) 5D002.C.1, which includes information security
   software using or performing cryptographic functions with asymmetric
   algorithms.  The form and manner of this Apache Software Foundation
   distribution makes it eligible for export under the License Exception
   ENC Technology Software Unrestricted (TSU) exception (see the BIS 
   Export Administration Regulations, Section 740.13) for both object 
   code and source code.
  </p>

  <p>
   The cryptographic software used is from <em>java.security</em> and
   <em>javax.crypto</em> and is used when processing encrypted and
   protected documents.
  </p>
  </section>
</section>
</body>
  <footer>
    <legal>
      Copyright (c) @year@ The Apache Software Foundation All rights reserved.
    </legal>
  </footer>
</document>
