<?xml version="1.0"?>
<!--
   ====================================================================
   Licensed to the Apache Software Foundation (ASF) under one or more
   contributor license agreements.  See the NOTICE file distributed with
   this work for additional information regarding copyright ownership.
   The ASF licenses this file to You under the Apache License, Version 2.0
   (the "License"); you may not use this file except in compliance with
   the License.  You may obtain a copy of the License at

       http://www.apache.org/licenses/LICENSE-2.0

   Unless required by applicable law or agreed to in writing, software
   distributed under the License is distributed on an "AS IS" BASIS,
   WITHOUT WARRANTIES OR CONDITIONS OF ANY KIND, either express or implied.
   See the License for the specific language governing permissions and
   limitations under the License.
   ====================================================================
-->
<status>
    <developers>
        <!-- in strict alphabetical order -->
        <person id="AO" name="Andrew C. Oliver" email="acoliver2@users.sourceforge.net"/>
        <person id="GJS" name="Glen Stampoultzis" email="user@poi.apache.org"/>
        <person id="JM" name="Josh Micich" email="josh@apache.org"/>
        <person id="MJ" name="Marc Johnson" email="mjohnson@apache.org"/>
        <person id="NKB" name="Nicola Ken Barozzi" email="barozzi@nicolaken.com"/>
        <person id="NB" name="Nick Burch" email="nick@torchbox.com"/>
        <person id="POI-DEVELOPERS" name="POI Developers" email="dev@poi.apache.org"/>
        <person id="RK" name="Rainer Klute" email="klute@apache.org"/>
        <person id="YK" name="Yegor Kozlov" email="yegor@apache.org"/>
    </developers>

    <changes>
        <release version="3.5-beta7" date="2009-??-??">
           <action dev="POI-DEVELOPERS" type="fix">47747 - fixed logic for locating shared formula records</action>
           <action dev="POI-DEVELOPERS" type="add">47809 - Improved work with user-defined functions</action>
           <action dev="POI-DEVELOPERS" type="fix">47581 - fixed XSSFSheet.setColumnWidth to produce XML compatible with Mac Excel 2008</action>
           <action dev="POI-DEVELOPERS" type="fix">47734 - removed unnecessary svn:executable flag from files in SVN trunk</action>
           <action dev="POI-DEVELOPERS" type="fix">47543 - added javadoc how to avoid Excel crash when creating too many HSSFRichTextString cells</action>
           <action dev="POI-DEVELOPERS" type="fix">47813 - fixed problems with XSSFWorkbook.removeSheetAt when workbook contains chart</action>
           <action dev="POI-DEVELOPERS" type="fix">47737 - adjust sheet indices of named ranges when deleting sheets</action>
           <action dev="POI-DEVELOPERS" type="fix">47770 - built-in positive formats don't need starting '('</action>
           <action dev="POI-DEVELOPERS" type="add">47771 - Added method setFunction(boolean) for defined names</action>
           <action dev="POI-DEVELOPERS" type="add">47768 - Implementation of Excel "Days360" and "Npv" functions</action>
           <action dev="POI-DEVELOPERS" type="fix">47751 - Do not allow HSSF's cell text longer than 32,767 characters</action>
           <action dev="POI-DEVELOPERS" type="add">47757 - Added an example demonstrating how to convert an XLSX workbook to CSV</action>
           <action dev="POI-DEVELOPERS" type="fix">44770 - Fixed PPT parser to tolerate Comment2000 containers with missing comment text</action>
           <action dev="POI-DEVELOPERS" type="fix">47773 - Fix for extraction paragraphs and sections from headers/footers with XWPFWordExtractor</action>
           <action dev="POI-DEVELOPERS" type="fix">47727 - Support for extraction of header / footer images in HWPF</action>
           <action dev="POI-DEVELOPERS" type="fix">moved all test data to a top-level directory</action>
           <action dev="POI-DEVELOPERS" type="add">47721 - Added implementation for INDIRECT()</action>
           <action dev="POI-DEVELOPERS" type="add">45583 - Avoid exception when reading ClipboardData packet in OLE property sets</action>
           <action dev="POI-DEVELOPERS" type="add">47652 - Added support for reading encrypted workbooks</action>
           <action dev="POI-DEVELOPERS" type="add">47604 - Implementation of an XML to XLSX Importer using Custom XML Mapping</action>
           <action dev="POI-DEVELOPERS" type="fix">47620 - Avoid FormulaParseException in XSSFWorkbook.setRepeatingRowsAndColumns when removing repeated rows and columns</action>
           <action dev="POI-DEVELOPERS" type="fix">47606 - Fixed  XSSFCell to correctly parse column indexes greater than 702 (ZZ)</action>
           <action dev="POI-DEVELOPERS" type="fix">47598 - Improved formula evaluator number comparison</action>
           <action dev="POI-DEVELOPERS" type="fix">47571 - Fixed XWPFWordExtractor to extract inserted/deleted text</action>
           <action dev="POI-DEVELOPERS" type="fix">47548 - Fixed RecordFactoryInputStream to properly read continued DrawingRecords</action>
           <action dev="POI-DEVELOPERS" type="fix">46419 - Fixed compatibility issue with OpenOffice 3.0</action>
           <action dev="POI-DEVELOPERS" type="fix">47559 - Fixed compatibility issue with Excel 2008 Mac sp2. Please see
             <link href="./spreadsheet/index.html"> the HSSF+XSSF project page</link> for more information. </action>
           <action dev="POI-DEVELOPERS" type="fix">47540 - Fix for saving custom and extended OOXML properties</action>
           <action dev="POI-DEVELOPERS" type="fix">47535 - Fixed WordExtractor to tolerate files with empty footnote block</action>
           <action dev="POI-DEVELOPERS" type="fix">47517 - Fixed ExtractorFactory to support .xltx and .dotx files</action>
           <action dev="POI-DEVELOPERS" type="add">45556 - Support for extraction of footnotes from docx files</action>
           <action dev="POI-DEVELOPERS" type="add">45555 - Support for extraction of endnotes from docx files</action>
           <action dev="POI-DEVELOPERS" type="add">47520 - Initial support for custom XML mappings in XSSF</action>
           <action dev="POI-DEVELOPERS" type="fix">47460 - Fixed NPE when retrieving core properties from a newly created workbook</action>
           <action dev="POI-DEVELOPERS" type="fix">47498 - Fixed HyperlinkRecord to properly handle URL monikers</action>
           <action dev="POI-DEVELOPERS" type="fix">47504 - Fixed XSSFWorkbook to read files with hyperlinks to document locations</action>
           <action dev="POI-DEVELOPERS" type="fix">47479 - Fix BoolErrRecord to tolerate incorrect format written by OOO</action>
           <action dev="POI-DEVELOPERS" type="fix">47448 - Allow HSSFEventFactory to handle non-zero padding at the end of the workbook stream</action>
           <action dev="POI-DEVELOPERS" type="add">47456 - Support for getting OLE object data in PowerPointExtractor</action>
           <action dev="POI-DEVELOPERS" type="fix">47411 - Explicitly set the 1900 date system when creating XSSF workbooks</action>
           <action dev="POI-DEVELOPERS" type="add">47400 - Support for text extraction of footnotes, endnotes and comments in HWPF</action>
           <action dev="POI-DEVELOPERS" type="fix">47415 - Fixed PageSettingsBlock to allow multiple PLS records</action>
           <action dev="POI-DEVELOPERS" type="fix">47412 - Fixed concurrency issue with EscherProperties.initProps()</action>
           <action dev="POI-DEVELOPERS" type="fix">47143 - Fixed OOM in HSSFWorkbook#getAllPictures when reading .xls files containing metafiles</action>
           <action dev="POI-DEVELOPERS" type="add">Added implementation for ISNA()</action>
           <action dev="POI-DEVELOPERS" type="add">46793 - fixed SimpleShape#getLineWidth to handle default line width </action>
           <action dev="POI-DEVELOPERS" type="add">47356 - removed unused private fields in HWPF BorderCode</action>
           <action dev="POI-DEVELOPERS" type="add">47355 - Improved  HWPF TableCell to expose TableCellDescriptor</action>
           <action dev="POI-DEVELOPERS" type="fix">46610 - Improved HWPF to better handle unicode</action>
           <action dev="POI-DEVELOPERS" type="fix">47261 - Fixed SlideShow#removeSlide to remove references to Notes</action>
           <action dev="POI-DEVELOPERS" type="fix">47375 - Fixed HSSFHyperlink to correctly set inter-sheet and file links</action>
           <action dev="POI-DEVELOPERS" type="fix">47384 - Fixed ExternalNameRecord to handle unicode names</action>
           <action dev="POI-DEVELOPERS" type="fix">47372 - Fixed locale-sensitive unit tests to pass when running on non-US locale</action>
        </release>
        <release version="3.5-beta6" date="2009-06-22">
           <action dev="POI-DEVELOPERS" type="fix">47363 - Fixed HSSFSheet to allow addition of data validations after sheet protection</action>
           <action dev="POI-DEVELOPERS" type="fix">47294 - Fixed XSSFWorkbook#setRepeatingRowsAndColumns to tolerate sheet names with quotes</action>
           <action dev="POI-DEVELOPERS" type="fix">47309 - Fixed logic in HSSFCell.getCellComment to handle sheets with more than 65536 comments</action>
           <action dev="POI-DEVELOPERS" type="fix">46776 - Added clone() method to MulBlankRecord to fix crash in Sheet.cloneSheet()</action>
           <action dev="POI-DEVELOPERS" type="fix">47244 - Fixed HSSFSheet to handle missing header / footer records</action>
           <action dev="POI-DEVELOPERS" type="fix">47312 - Fixed formula parser to properly reject cell references with a '0' row component</action>
           <action dev="POI-DEVELOPERS" type="fix">47199 - Fixed PageSettingsBlock/Sheet to tolerate margin records after other non-PSB records</action>
           <action dev="POI-DEVELOPERS" type="fix">47069 - Fixed HSSFSheet#getFirstRowNum and HSSFSheet#getLastRowNum to return correct values after removal of all rows</action>
           <action dev="POI-DEVELOPERS" type="fix">47278 - Fixed XSSFCell to avoid generating xsi:nil entries in shared string table</action>
           <action dev="POI-DEVELOPERS" type="fix">47206 - Fixed XSSFCell to properly read inline strings</action>
           <action dev="POI-DEVELOPERS" type="add">47250 - Fixed FontRecord to expect unicode flags even when name length is zero</action>
           <action dev="POI-DEVELOPERS" type="add">47198 - Fixed formula evaluator comparison of -0.0 and 0.0</action>
           <action dev="POI-DEVELOPERS" type="add">47229 - Fixed ExternalNameRecord to handle DDE links</action>
           <action dev="POI-DEVELOPERS" type="add">46287 - Control of header and footer extraction in ExcelExtractor / XSSFExcelExtractor</action>
           <action dev="POI-DEVELOPERS" type="add">46554 - New ant target "jar-examples"</action>
           <action dev="POI-DEVELOPERS" type="add">46161 - Support in XSSF for setGroupColumnCollapsed and setGroupRowCollapsed</action>
           <action dev="POI-DEVELOPERS" type="add">46806 - Allow columns greater than 255 and rows greater than 0x100000 in XSSF formulas</action>
           <action dev="POI-DEVELOPERS" type="add">41711 - Base class for "old version" exceptions, and new HSLF detection + use of old versions exception</action>
           <action dev="POI-DEVELOPERS" type="fix">47179 - Fix string encoding issues with HSMF chunks on non-windows platforms</action>
           <action dev="POI-DEVELOPERS" type="add">47183 - Attachment support for HSMF</action>
           <action dev="POI-DEVELOPERS" type="fix">47154 - Handle the cell format @ as the same as General</action>
           <action dev="POI-DEVELOPERS" type="fix">47048 - Fixed evaluation of defined names with the 'complex' flag set</action>
           <action dev="POI-DEVELOPERS" type="fix">46953 - More tweaks to PageSettingsBlock parsing logic in Sheet constructor</action>
           <action dev="POI-DEVELOPERS" type="fix">47089 - Fixed XSSFWorkbook.createSheet to properly increment sheetId</action>
           <action dev="POI-DEVELOPERS" type="fix">46568 - Fixed XSLFPowerPointExtractor to properly process line breaks</action>
           <action dev="POI-DEVELOPERS" type="fix">39056 - Fixed POIFSFileSystem to set CLSID of root when constructing instances from InputStream</action>
           <action dev="POI-DEVELOPERS" type="fix">47054 - Fixed cloneStyleFrom to avoid exception when cloning styles of the same family</action>
           <action dev="POI-DEVELOPERS" type="fix">46186 - Fixed Sheet to read GutsRecord in the Sheet(RecordStream rs)</action>
           <action dev="POI-DEVELOPERS" type="fix">46714 - Automatically call sheet.setAlternativeExpression when sheet.setRowSumsBelow is called </action>
           <action dev="POI-DEVELOPERS" type="fix">46279 - Allow 255 arguments for excel functions in XSSF </action>
           <action dev="POI-DEVELOPERS" type="fix">47028 - Fixed XSSFCell to preserve cell style when cell value is set to blank</action>
           <action dev="POI-DEVELOPERS" type="fix">47026 - Avoid NPE in XSSFCell.setCellType() when workbook does not have SST</action>
           <action dev="POI-DEVELOPERS" type="fix">46987 - Allow RecordFactory to handle non-zero padding at the end of the workbook stream</action>
           <action dev="POI-DEVELOPERS" type="fix">47034 - Fix reading the name of a NameRecord when the name is very long</action>
           <action dev="POI-DEVELOPERS" type="fix">47001 - Fixed WriteAccessRecord and LinkTable to handle unusual format written by Google Docs</action>
           <action dev="POI-DEVELOPERS" type="fix">46973 - Fixed defined names to behave better when refersToFormula is unset</action>
           <action dev="POI-DEVELOPERS" type="fix">46832 - Allow merged regions with columns greater than 255 or rows bigger than 65536 in XSSF</action>
           <action dev="POI-DEVELOPERS" type="fix">46951 - Fixed formula parser to better handle range operators and whole row/column refs.</action>
           <action dev="POI-DEVELOPERS" type="fix">46948 - Fixed evaluation of range operator to allow for area-ref operands</action>
           <action dev="POI-DEVELOPERS" type="fix">46918 - Fixed ExtendedPivotTableViewFieldsRecord(SXVDEX) to allow shorter format</action>
           <action dev="POI-DEVELOPERS" type="fix">46898 - Fixed formula evaluator to not cache intermediate circular-reference error results</action>
           <action dev="POI-DEVELOPERS" type="fix">46917 - Fixed PageItemRecord(SXPI) to allow multiple field infos</action>
           <action dev="POI-DEVELOPERS" type="fix">46904 - Fix POIFS issue with duplicate block 0 references on very old BIFF5/BIFF7 files</action>
           <action dev="POI-DEVELOPERS" type="fix">46840 - PageSettingsBlock should include HEADERFOOTER record</action>
           <action dev="POI-DEVELOPERS" type="fix">46885 - update cell type when setting cached formula result in XSSFCell</action>
           <action dev="POI-DEVELOPERS" type="add">added modifiers for anchor type to XSSFClientAnchor</action>
           <action dev="POI-DEVELOPERS" type="add">46772 - support built-in data formats in XSSFDataFormat</action>
           <action dev="POI-DEVELOPERS" type="fix">46719 - fixed XSSFSheet.shiftRows to correctly preserve row heights</action>
           <action dev="POI-DEVELOPERS" type="fix">46715 - preserve custom column widths across re-serialization of XSSFWorkbook</action>
           <action dev="POI-DEVELOPERS" type="add">46703 - added setDisplayZeros / isDisplayZeros to common interface org.apache.poi.ss.usermodel.Sheet</action>
           <action dev="POI-DEVELOPERS" type="add">46708 - added getMergedRegion(int) to common interface org.apache.poi.ss.usermodel.Sheet</action>
           <action dev="POI-DEVELOPERS" type="fix">fixed Sheet.autoSizeColumn() to use cached formula values when processing formula cells </action>
           <action dev="POI-DEVELOPERS" type="fix">Fixed formula parser to handle names with backslashes</action>
           <action dev="POI-DEVELOPERS" type="add">46660 - added Workbook getHidden() and setHidden(boolean)</action>
           <action dev="POI-DEVELOPERS" type="fix">46693 - Fixed bugs serialization bugs in records: CHARTFORMAT, SHTPROPS, SXVD and SXVDEX</action>
           <action dev="POI-DEVELOPERS" type="fix">46627 - Fixed offset of added images if Pictures stream contains pictures with zero length</action>
        </release>
        <release version="3.5-beta5" date="2009-02-19">
           <action dev="POI-DEVELOPERS" type="fix">46536 - When shifting rows, update formulas on that sheet to point to the new location of those rows</action>
           <action dev="POI-DEVELOPERS" type="fix">46663 - Fixed XSSFSheet.shiftRows to properly update references of the shifted cells</action>
           <action dev="POI-DEVELOPERS" type="fix">46535 - Remove reference from calculation chain when a formula is deleted</action>
           <action dev="POI-DEVELOPERS" type="fix">46654 - HSSFRow/RowRecord to properly update cell boundary indexes</action>
           <action dev="POI-DEVELOPERS" type="fix">46643 - Fixed formula parser to encode range operator with tMemFunc</action>
           <action dev="POI-DEVELOPERS" type="fix">46647 - Fixed COUNTIF NE operator and other special cases involving type conversion</action>
           <action dev="POI-DEVELOPERS" type="add">46635 - Added a method to remove slides</action>
           <action dev="POI-DEVELOPERS" type="fix">40520 - Fixed HSSFFont.applyFont() to properly apply font to overlapping regions</action>
           <action dev="POI-DEVELOPERS" type="fix">46545 - Fixed ObjRecord to ignore excessive padding written by previous POI versions</action>
           <action dev="POI-DEVELOPERS" type="fix">46613 - Fixed evaluator to perform case insensitive string comparisons</action>
           <action dev="POI-DEVELOPERS" type="add">46544 - command line interface for hssf ExcelExtractor</action>
           <action dev="POI-DEVELOPERS" type="fix">46547 - Allow addition of conditional formatting after data validation</action>
           <action dev="POI-DEVELOPERS" type="fix">46548 - Page Settings Block fixes - continued PLS records and PSB in sheet sub-streams</action>
           <action dev="POI-DEVELOPERS" type="add">46523 - added implementation for SUMIF function</action>
           <action dev="POI-DEVELOPERS" type="add">Support for reading HSSF column styles</action>
           <action dev="POI-DEVELOPERS" type="fix">Hook up POIXMLTextExtractor.getMetadataTextExtractor() to the already written POIXMLPropertiesTextExtractor</action>
           <action dev="POI-DEVELOPERS" type="fix">46472 - Avoid NPE in HPSFPropertiesExtractor when no properties exist</action>
           <action dev="POI-DEVELOPERS" type="fix">46479 - fixed bugs related to cached formula values and HSSFFormulaEvaluator.evaluateInCell()</action>
           <action dev="POI-DEVELOPERS" type="add">45031 - added implementation for CHOOSE() function</action>
           <action dev="POI-DEVELOPERS" type="fix">46361 - resolve licensing issues around the HDGF resource file, chunks_parse_cmds.tbl</action>
           <action dev="POI-DEVELOPERS" type="add">46410 - added implementation for TIME() function</action>
           <action dev="POI-DEVELOPERS" type="add">46320 - added HSSFPictureData.getFormat()</action>
           <action dev="POI-DEVELOPERS" type="fix">46445 - fixed HSSFSheet.shiftRow to move hyperlinks</action>
           <action dev="POI-DEVELOPERS" type="fix">fixed formula parser to correctly resolve sheet-level names</action>
           <action dev="POI-DEVELOPERS" type="fix">46433 - support for shared formulas in XSSF</action>
           <action dev="POI-DEVELOPERS" type="add">46299 - support for carriage return and line break in XWPFRun</action>
           <action dev="POI-DEVELOPERS" type="add">46300 - support for line spacing in XWPFParagraph</action>
           <action dev="POI-DEVELOPERS" type="add">46308 - initial support for creation of XWPFTable</action>
           <action dev="POI-DEVELOPERS" type="add">Added getters to parent objects: HSSFSheet.getWorkbook(), HSSFRow.getSheet() and HSSFCell.getRow()</action>
           <action dev="POI-DEVELOPERS" type="fix">46385 - (also patch 46362) fix serialization of StyleRecord with unicode name</action>
           <action dev="POI-DEVELOPERS" type="fix">46368 - Fix HSSFRichTextRun and strings longer than 32768 characters</action>
           <action dev="POI-DEVELOPERS" type="add">Support sheet-level names</action>
           <action dev="POI-DEVELOPERS" type="fix">Fixed XSSFCell to properly handle cell references with column numbers up to XFD</action>
           <action dev="POI-DEVELOPERS" type="fix">44914 - Fixed warning message "WARN. Unread n bytes of record 0xNN"</action>
           <action dev="POI-DEVELOPERS" type="add">46156 - Improved number to text conversion to be closer to that of Excel</action>
           <action dev="POI-DEVELOPERS" type="fix">46312 - Fixed ValueRecordsAggregate to handle removal of new empty row</action>
           <action dev="POI-DEVELOPERS" type="add">46269 - Improved error message when attempting to read BIFF2 file</action>
           <action dev="POI-DEVELOPERS" type="fix">46206 - Fixed Sheet to tolerate missing DIMENSION records</action>
           <action dev="POI-DEVELOPERS" type="add">46301 - added pivot table records: SXDI, SXVDEX, SXPI, SXIDSTM, SXVIEW, SXVD, SXVS, et al</action>
           <action dev="POI-DEVELOPERS" type="fix">46280 - Fixed RowRecordsAggregate etc to properly skip PivotTable records</action>
        </release>
        <release version="3.5-beta4" date="2008-11-29">
           <action dev="POI-DEVELOPERS" type="fix">46213 - Fixed FormulaRecordAggregate to gracefully ignore extra StringRecords</action>
           <action dev="POI-DEVELOPERS" type="fix">46174 - Fixed HSSFName to handle general formulas (not just area references)</action>
           <action dev="POI-DEVELOPERS" type="add">46189 - added chart records: CHARTFRTINFO, STARTBLOCK, ENDBLOCK, STARTOBJECT, ENDOBJECT, and CATLAB</action>
           <action dev="POI-DEVELOPERS" type="fix">46199 - More tweaks to EmbeddedObjectRefSubRecord</action>
           <action dev="POI-DEVELOPERS" type="add">Changes to formula evaluation allowing for reduced memory usage</action>
           <action dev="POI-DEVELOPERS" type="fix">45290 - Support odd files where the POIFS header block comes after the data blocks, and is on the data blocks list</action>
           <action dev="POI-DEVELOPERS" type="fix">46184 - More odd escaped date formats</action>
           <action dev="POI-DEVELOPERS" type="add">Include the sheet number in the output of XLS2CSVmra</action>
           <action dev="POI-DEVELOPERS" type="fix">46043 - correctly write out HPSF properties with HWPF</action>
           <action dev="POI-DEVELOPERS" type="add">45973 - added CreationHelper.createFormulaEvaluator(), implemeted both for HSSF and XSSF</action>
           <action dev="POI-DEVELOPERS" type="fix">46182 - fixed Slideshow.readPictures() to skip pictures with invalid headers</action>
           <action dev="POI-DEVELOPERS" type="fix">46137 - Handle odd files with a ContinueRecord after EOFRecord</action>
           <action dev="POI-DEVELOPERS" type="fix">Fixed problem with linking shared formulas when ranges overlap</action>
           <action dev="POI-DEVELOPERS" type="fix">45784 - More fixes to SeriesTextRecord</action>
           <action dev="POI-DEVELOPERS" type="fix">46033 - fixed TableCell to correctly set text type</action>
           <action dev="POI-DEVELOPERS" type="fix">46122 - fixed Picture.draw to skip rendering if picture data was not found</action>
           <action dev="POI-DEVELOPERS" type="fix">15716 - memory usage optimisation - converted Ptg arrays into Formula objects</action>
           <action dev="POI-DEVELOPERS" type="add">46065 - added implementation for VALUE function</action>
           <action dev="POI-DEVELOPERS" type="add">45966 - added implementation for FIND function</action>
           <action dev="POI-DEVELOPERS" type="fix">45778 - fixed ObjRecord to read ftLbsData properly</action>
           <action dev="POI-DEVELOPERS" type="fix">46053 - fixed evaluation cache dependency analysis when changing blank cells</action>
        </release>
        <release version="3.5-beta3" date="2008-09-26">
           <action dev="POI-DEVELOPERS" type="fix">45518 - Fix up ColumnHelper to output valid col tags, by making 1 based and 0 based bits clearer, and using the right ones</action>
           <action dev="POI-DEVELOPERS" type="fix">45676 - Handle very long cells in the XSSF EventUserModel example</action>
           <action dev="POI-DEVELOPERS" type="add">Initial ExtractorFactory support for building TextExtractors for embeded documents</action>
        </release>
        <release version="3.5-beta2" date="2008-08-20">
           <action dev="POI-DEVELOPERS" type="add">Support stripping XSSF header and footer fields (eg page number) out of header and footer text if required</action>
           <action dev="POI-DEVELOPERS" type="add">Add POIXMLPropertiesTextExtractor, which provides to the OOXML file formats a similar function to HPSF's HPSFPropertiesExtractor</action>
           <action dev="POI-DEVELOPERS" type="add">45539 - Improve XWPFWordExtractor to extract headers and footers</action>
           <action dev="POI-DEVELOPERS" type="fix">Improve how XWPF handles paragraph text</action>
           <action dev="POI-DEVELOPERS" type="add">Support in XWPF handles headers and footers</action>
           <action dev="POI-DEVELOPERS" type="add">45592 - Improve XWPF text extraction to include tables always, and picture text where possible</action>
           <action dev="POI-DEVELOPERS" type="add">45545 - Improve XSLF usermodel support, and include XSLF comments in extracted text</action>
           <action dev="POI-DEVELOPERS" type="add">45540 - Fix XSSF header and footer support, and include headers and footers in the output of XSSFExcelExtractor</action>
           <action dev="POI-DEVELOPERS" type="add">45431 - Support for .xlsm files, sufficient for simple files to be loaded by excel without warning</action>
           <action dev="POI-DEVELOPERS" type="add">New class org.apache.poi.hssf.record.RecordFormatException, which DDF uses instead of the HSSF version, and the HSSF version inherits from</action>
           <action dev="POI-DEVELOPERS" type="add">45431 - Partial support for .xlm files. Not quite enough for excel to load them though</action>
           <action dev="POI-DEVELOPERS" type="fix">45430 - Correct named range sheet reporting when no local sheet id is given in the xml</action>
        </release>
        <release version="3.5-beta1" date="2008-07-18">
           <action dev="POI-DEVELOPERS" type="add">45018 - Support for fetching embeded documents from within an OOXML file</action>
           <action dev="POI-DEVELOPERS" type="add">Port support for setting a policy on missing / blank cells when fetching, to XSSF too</action>
           <action dev="POI-DEVELOPERS" type="add">Common text extraction factory, which returns the correct POITextExtractor for the supplied data</action>
           <action dev="POI-DEVELOPERS" type="add">Text Extraction support for the new OOXML files (.xlsx, .docx and .pptx)</action>
           <action dev="POI-DEVELOPERS" type="add">Initial support for processing OOXML Excel files (.xlsx), both directly through XSSF, and also through the new common UserModel</action>
           <action dev="POI-DEVELOPERS" type="add">Created a common interface for handling PowerPoint files, irrespective of if they are .ppt or .pptx</action>
           <action dev="POI-DEVELOPERS" type="add">Created a common interface for handling Excel files, irrespective of if they are .xls or .xlsx</action>
        </release>
        <release version="3.2-FINAL" date="2008-10-19">
           <action dev="POI-DEVELOPERS" type="fix">45866 - allowed for change of unicode compression across Continue records</action>
           <action dev="POI-DEVELOPERS" type="fix">45964 - support for link formulas in Text Objects</action>
           <action dev="POI-DEVELOPERS" type="fix">43354 - support for evalating formulas with missing args</action>
           <action dev="POI-DEVELOPERS" type="fix">45912 - fixed ArrayIndexOutOfBoundsException in EmbeddedObjectRefSubRecord</action>
           <action dev="POI-DEVELOPERS" type="fix">45889 - fixed ArrayIndexOutOfBoundsException when constructing HSLF Table with a single row </action>
           <action dev="POI-DEVELOPERS" type="add">Initial support for creating hyperlinks in HSLF</action>
           <action dev="POI-DEVELOPERS" type="fix">45876 - fixed BoundSheetRecord to allow sheet names longer than 31 chars</action>
           <action dev="POI-DEVELOPERS" type="add">45890 - fixed HSSFSheet.shiftRows to also update conditional formats</action>
           <action dev="POI-DEVELOPERS" type="add">45865 modified Formula Parser/Evaluator to handle cross-worksheet formulas</action>
           <action dev="POI-DEVELOPERS" type="add">Optimised the FormulaEvaluator to take cell dependencies into account</action>
           <action dev="POI-DEVELOPERS" type="add">16936 - Initial support for whole-row cell styling</action>
           <action dev="POI-DEVELOPERS" type="add">Update hssf.extractor.ExcelExtractor to optionally output blank cells too</action>
           <action dev="POI-DEVELOPERS" type="add">Include the sheet name in the output of examples.XLS2CSVmra</action>
           <action dev="POI-DEVELOPERS" type="fix">45784 - Support long chart titles in SeriesTextRecords</action>
           <action dev="POI-DEVELOPERS" type="fix">45777 - Throw an exception if HSSF Footer or Header is attemped to be set too long, rather than having it break during writing out</action>
           <action dev="POI-DEVELOPERS" type="add">45844 - Addtional diagnostics for HSLF SlideShowRecordDumper</action>
           <action dev="POI-DEVELOPERS" type="fix">45829 - HSSFPicture.getImageDimension() failed when DPI of image is zero</action>
           <action dev="POI-DEVELOPERS" type="fix">45815 - Bit mask values in StyleTextPropAtom were not preserved across read-write</action>
           <action dev="POI-DEVELOPERS" type="add">45814 - Specify RecordType for slide show Handout (4041)</action>
           <action dev="POI-DEVELOPERS" type="fix">45805 - Fixed 16-bit signed/unsigned bug in HSSFSheet.getColWidth etc</action>
           <action dev="POI-DEVELOPERS" type="fix">45780 - Fixed HSSFSheet.shiftRows to also update Area refs</action>
           <action dev="POI-DEVELOPERS" type="fix">45804 - Update HSMF to handle Outlook 3.0 msg files, which have a different string chunk type</action>
           <action dev="POI-DEVELOPERS" type="add">Expose the name of Named Cell Styles via HSSFCellStyle (normally held on the parent style though)</action>
           <action dev="POI-DEVELOPERS" type="fix">45978 - Fixed IOOBE in Ref3DPtg.toFormulaString() due eager initialisation of SheetReferences</action>
           <action dev="POI-DEVELOPERS" type="add">Made HSSFFormulaEvaluator no longer require initialisation with sheet or row</action>
           <action dev="POI-DEVELOPERS" type="add">Extended support for cached results of formula cells</action>
           <action dev="POI-DEVELOPERS" type="fix">45639 - Fixed AIOOBE due to bad index logic in ColumnInfoRecordsAggregate</action>
           <action dev="POI-DEVELOPERS" type="fix">Fixed special cases of INDEX function (single column/single row, errors)</action>
           <action dev="POI-DEVELOPERS" type="add">45761 - Support for Very Hidden excel sheets in HSSF</action>
           <action dev="POI-DEVELOPERS" type="add">45738 - Initial HWPF support for Office Art Shapes</action>
           <action dev="POI-DEVELOPERS" type="fix">45720 - Fixed HSSFWorkbook.cloneSheet to correctly clone sheets with drawings</action>
           <action dev="POI-DEVELOPERS" type="fix">45728 - Fix for SlideShow.reorderSlide in HSLF</action>
           <action dev="POI-DEVELOPERS" type="add">Initial support for embedded movies and controls in HSLF</action>
           <action dev="POI-DEVELOPERS" type="fix">45358 - signed/unsigned error when parsing 3-d area refs, performance problem evaluating area refs, and ClassCastExcecption in IF()</action>
           <action dev="POI-DEVELOPERS" type="add">Support for HPBF Publisher hyperlinks, including during text extraction</action>
           <action dev="POI-DEVELOPERS" type="fix">26321 and 44958 - preserve position of ArrayRecords and TableRecords among cell value records</action>
           <action dev="POI-DEVELOPERS" type="fix">Impove empty header or footer handling in HWPF HeaderStories</action>
           <action dev="POI-DEVELOPERS" type="fix">Avoid NPE in hssf.usermodel.HeaderFooter when stripping fields out</action>
           <action dev="POI-DEVELOPERS" type="fix">Avoid NPE in EscherBSERecord on older escher records</action>
           <action dev="POI-DEVELOPERS" type="add">Basic text extractraction support in HPBF</action>
           <action dev="POI-DEVELOPERS" type="add">Initial, low level support for Publisher files, in the form of HPBF</action>
           <action dev="POI-DEVELOPERS" type="fix">45699 - Fix RowRecordsAggregate to tolerate intervening MERGEDCELLS records</action>
           <action dev="POI-DEVELOPERS" type="fix">45698 - Fix LinkTable to tolerate multiple EXTERNSHEET records</action>
           <action dev="POI-DEVELOPERS" type="fix">45682 - Fix for cloning of CFRecordsAggregate</action>
           <action dev="POI-DEVELOPERS" type="add">Initial support for evaluating external add-in functions like YEARFRAC</action>
           <action dev="POI-DEVELOPERS" type="fix">45672 - Fix for MissingRecordAwareHSSFListener to prevent multiple LastCellOfRowDummyRecords when shared formulas are present</action>
           <action dev="POI-DEVELOPERS" type="fix">45645 - Fix for HSSFSheet.autoSizeColumn() for widths exceeding Short.MAX_VALUE</action>
           <action dev="POI-DEVELOPERS" type="add">45623 - Support for additional HSSF header and footer fields, including bold and full file path</action>
           <action dev="POI-DEVELOPERS" type="add">45623 - Support stripping HSSF header and footer fields (eg page number) out of header and footer text if required</action>
           <action dev="POI-DEVELOPERS" type="add">45622 - Support stripping HWPF fields (eg macros) out of text, via Range.stripFields(text)</action>
           <action dev="POI-DEVELOPERS" type="add">New HPSF based TextExtractor for document metadata, org.apache.poi.hpsf.extractor.HPSFPropertiesExtractor</action>
           <action dev="POI-DEVELOPERS" type="fix">Properly update the array of Slide's text runs in HSLF when new text shapes are added</action>
           <action dev="POI-DEVELOPERS" type="fix">45590 - Fix for Header/footer extraction for .ppt files saved in Office 2007</action>
           <action dev="POI-DEVELOPERS" type="fix">Big improvement in how HWPF handles unicode text, and more sanity checking of text ranges within HWPF</action>
           <action dev="POI-DEVELOPERS" type="add">Include headers and footers int he extracted text from HWPF's WordExtractor</action>
           <action dev="POI-DEVELOPERS" type="add">Added support to HWPF for headers and footers</action>
           <action dev="POI-DEVELOPERS" type="fix">Improve how HWPF deals with unicode internally. Should avoid some odd behaviour when manipulating unicode text</action>
           <action dev="POI-DEVELOPERS" type="add">45577 - Added implementations for Excel functions NOW and TODAY</action>
           <action dev="POI-DEVELOPERS" type="fix">45582 - Fix for workbook streams with extra bytes trailing the EOFRecord</action>
           <action dev="POI-DEVELOPERS" type="add">45537 - Include headers and footers (of slides and notes) in the extracted text from HSLF</action>
           <action dev="POI-DEVELOPERS" type="fix">45472 - Fixed incorrect default row height in OpenOffice 2.3</action>
           <action dev="POI-DEVELOPERS" type="fix">44692 - HSSFPicture.resize() stretched image when there was a text next to it</action>
           <action dev="POI-DEVELOPERS" type="add">45543 - Optionally extract comment text with PowerPointExtractor, and initial hslf model support for comments</action>
           <action dev="POI-DEVELOPERS" type="fix">45538 - Include excel headers and footers in the output of ExcelExtractor</action>
           <action dev="POI-DEVELOPERS" type="fix">44894 - refactor duplicate logic from EventRecordFactory to RecordFactory</action>
           <action dev="POI-DEVELOPERS" type="add">Support for Headers / Footers in HSLF</action>
           <action dev="POI-DEVELOPERS" type="fix">44953 - Extensive fixes for data validation</action>
           <action dev="POI-DEVELOPERS" type="fix">45519 - Fixed to keep datavalidation records together</action>
           <action dev="POI-DEVELOPERS" type="add">Support for creating new HSLF CurrentUserAtoms</action>
           <action dev="POI-DEVELOPERS" type="add">45466 - Partial support for removing excel comments (won't work for all excel versions yet)</action>
           <action dev="POI-DEVELOPERS" type="fix">45437 - Detect encrypted word documents, and throw an EncryptedDocumentException instead of a OOM</action>
           <action dev="POI-DEVELOPERS" type="add">45404 - New class, hssf.usermodel.HSSFDataFormatter, for formatting numbers and dates in the same way that Excel does</action>
           <action dev="POI-DEVELOPERS" type="fix">45414 - Don't add too many UncalcedRecords to sheets with charts in them</action>
           <action dev="POI-DEVELOPERS" type="fix">45398 - Support detecting date formats containing "am/pm" as date times</action>
           <action dev="POI-DEVELOPERS" type="fix">45410 - Removed dependency from contrib on commons beanutils,collections and lang</action>
           <action dev="POI-DEVELOPERS" type="add">New helper, HSSFOptimiser, which handles removing duplicated font and style records, to avoid going over the limits in Excel</action>
           <action dev="POI-DEVELOPERS" type="fix">45322 - Fixed NPE in HSSFSheet.autoSizeColumn() when cell number format was not found</action>
           <action dev="POI-DEVELOPERS" type="add">45380 - Missing return keyword in ArrayPtg.toFormulaString()</action>
           <action dev="POI-DEVELOPERS" type="add">44958 - Record level support for Data Tables. (No formula parser support though)</action>
           <action dev="POI-DEVELOPERS" type="add">35583 - Include a version class, org.apache.poi.Version, to allow easy introspection of the POI version</action>
           <action dev="POI-DEVELOPERS" type="add">Allow the cloning of one HSSFCellStyle onto another, including cloning styles from one HSSFWorkbook onto another</action>
           <action dev="POI-DEVELOPERS" type="fix">45289 - finished support for special comparison operators in COUNTIF</action>
           <action dev="POI-DEVELOPERS" type="fix">45126 - Avoid generating multiple NamedRanges with the same name, which Excel dislikes</action>
           <action dev="POI-DEVELOPERS" type="fix">Fix cell.getRichStringCellValue() for formula cells with string results</action>
           <action dev="POI-DEVELOPERS" type="fix">45365 - Handle more excel number formatting rules in FormatTrackingHSSFListener / XLS2CSVmra</action>
           <action dev="POI-DEVELOPERS" type="fix">45373 - Improve the performance of HSSFSheet.shiftRows</action>
           <action dev="POI-DEVELOPERS" type="fix">45367 - Fixed bug when last row removed from sheet is row zero</action>
           <action dev="POI-DEVELOPERS" type="fix">45348 - Tweaks to RVA formula logic</action>
           <action dev="POI-DEVELOPERS" type="fix">45354 - Fixed recognition of named ranges within formulas</action>
           <action dev="POI-DEVELOPERS" type="fix">45338 - Fix HSSFWorkbook to give you the same HSSFFont every time, and then fix it to find newly added fonts</action>
           <action dev="POI-DEVELOPERS" type="fix">45336 - Fix HSSFColor.getTripletHash()</action>
           <action dev="POI-DEVELOPERS" type="fix">45334 - Fixed formula parser to handle dots in identifiers</action>
           <action dev="POI-DEVELOPERS" type="fix">45252 - Improvement for HWPF Range.replaceText()</action>
           <action dev="POI-DEVELOPERS" type="fix">45001 - Further fix for HWPF Range.delete() and unicode characters</action>
           <action dev="POI-DEVELOPERS" type="add">45175 - Support for variable length operands in org.apache.poi.hwpf.sprm.SprmOperation</action>
           <action dev="POI-DEVELOPERS" type="fix">Avoid spurious missing lines with the MissingRecordAware event code, and odd files that contain RowRecords in the middle of the cell Records.</action>
           <action dev="POI-DEVELOPERS" type="add">Support for parsing formulas during EventUserModel processing, via the new EventWorkbookBuilder</action>
        </release>
        <release version="3.1-final" date="2008-06-29">
           <action dev="POI-DEVELOPERS" type="fix">30978 - Fixed re-serialization of tRefErr3d and tAreaErr3d</action>
           <action dev="POI-DEVELOPERS" type="fix">45234 - Removed incorrect shared formula conversion in CFRuleRecord</action>
           <action dev="POI-DEVELOPERS" type="fix">45001 - Improved HWPF Range.replaceText()</action>
           <action dev="POI-DEVELOPERS" type="fix">44692 - Fixed HSSFPicture.resize() to properly resize pictures if the underlying columns/rows have modified size</action>
           <action dev="POI-DEVELOPERS" type="add">Support custom image renderers in HSLF</action>
           <action dev="POI-DEVELOPERS" type="fix">Correctly increment the reference count of a blip when a picture is inserted</action>
           <action dev="POI-DEVELOPERS" type="fix">45110 - Fixed TextShape.resizeToFitText() to properly resize TextShape</action>
           <action dev="POI-DEVELOPERS" type="fix">45091 - Fixed serialization of RefN~ tokens.  Simplified Ptg class hierarchy</action>
           <action dev="POI-DEVELOPERS" type="fix">45133 - Fixed OBJ Record (5Dh) to pad the sub-record data to a 4-byte boundary</action>
           <action dev="POI-DEVELOPERS" type="fix">45145 - Fixed Sheet to always enforce RowRecordsAggregate before ValueRecordsAggregate</action>
           <action dev="POI-DEVELOPERS" type="fix">45123 - Fixed SharedFormulaRecord.convertSharedFormulas() to propagate token operand classes</action>
           <action dev="POI-DEVELOPERS" type="fix">45087 - Correctly detect date formats like [Black]YYYY as being date based</action>
           <action dev="POI-DEVELOPERS" type="add">45060 - Improved token class transformation during formula parsing</action>
           <action dev="POI-DEVELOPERS" type="add">44840 - Improved handling of HSSFObjectData, especially for entries with data held not in POIFS</action>
           <action dev="POI-DEVELOPERS" type="add">45043 - Support for getting excel cell comments when extracting text</action>
           <action dev="POI-DEVELOPERS" type="add">Extend the support for specifying a policy to HSSF on missing / blank cells when fetching, to be able to specify the policy at the HSSFWorkbook level</action>
           <action dev="POI-DEVELOPERS" type="fix">45025 - improved FormulaParser parse error messages</action>
           <action dev="POI-DEVELOPERS" type="fix">45046 - allowed EXTERNALBOOK(0x01AE) to be optional in the LinkTable</action>
           <action dev="POI-DEVELOPERS" type="fix">45066 - fixed sheet encoding size mismatch problems</action>
           <action dev="POI-DEVELOPERS" type="add">45003 - Support embeded HDGF visio documents</action>
           <action dev="POI-DEVELOPERS" type="fix">45001 - Partial fix for HWPF Range.insertBefore() and Range.delete() with unicode characters</action>
           <action dev="POI-DEVELOPERS" type="fix">44977 - Support for AM/PM in excel date formats</action>
           <action dev="POI-DEVELOPERS" type="add">Support for specifying a policy to HSSF on missing / blank cells when fetching</action>
           <action dev="POI-DEVELOPERS" type="add">44937 - Partial support for extracting Escher images from HWPF files</action>
           <action dev="POI-DEVELOPERS" type="fix">44824 - Avoid an infinite loop when reading some HWPF pictures</action>
           <action dev="POI-DEVELOPERS" type="fix">44898 - Correctly handle short last blocks in POIFS</action>
        </release>
        <release version="3.1-beta2" date="2008-05-26">
           <action dev="POI-DEVELOPERS" type="fix">44306 - fixed reading/writing of AttrPtg(type=choose) and method toFormulaString() for CHOOSE formulas</action>
           <action dev="POI-DEVELOPERS" type="fix">24207 - added HSSFName.isDeleted() to check if the name points to cell that no longer exists</action>
           <action dev="POI-DEVELOPERS" type="fix">40414 - fixed selected/active sheet after removing sheet from workbook</action>
           <action dev="POI-DEVELOPERS" type="fix">44523 - fixed workbook sheet selection and focus</action>
           <action dev="POI-DEVELOPERS" type="fix">45000 - Fixed NPE in ListLevel when numberText is null</action>
           <action dev="POI-DEVELOPERS" type="fix">44985 - Properly update TextSpecInfoAtom when the parent text is changed</action>
           <action dev="POI-DEVELOPERS" type="fix">41187 - fixed HSSFSheet to properly read xls files without ROW records</action>
           <action dev="POI-DEVELOPERS" type="fix">44950 - fixed HSSFFormulaEvaluator.evaluateInCell() and Area3DEval.getValue() also added validation for number of elements in AreaEvals</action>
           <action dev="POI-DEVELOPERS" type="fix">42570 - fixed LabelRecord to use empty string instead of null when the length is zero.</action>
           <action dev="POI-DEVELOPERS" type="fix">42564 - fixed ArrayPtg to use ConstantValueParser.  Fixed a few other ArrayPtg encoding issues.</action>
           <action dev="POI-DEVELOPERS" type="fix">Follow-on from 28754 - StringPtg.toFormulaString() should escape double quotes</action>
           <action dev="POI-DEVELOPERS" type="fix">44929 - Improved error handling in HSSFWorkbook when attempting to read a BIFF5 file</action>
           <action dev="POI-DEVELOPERS" type="fix">44675 - Parameter operand classes (function metadata) required to encode SUM() etc properly. Added parse validation for number of parameters</action>
           <action dev="POI-DEVELOPERS" type="fix">44921 - allow Ptg.writeBytes() to be called on relative ref Ptgs (RefN* and AreaN*)</action>
           <action dev="POI-DEVELOPERS" type="fix">44914 - Fix/suppress warning message "WARN. Unread n bytes of record 0xNN"</action>
           <action dev="POI-DEVELOPERS" type="fix">44892 - made HSSFWorkbook.getSheet(String) case insensitive</action>
           <action dev="POI-DEVELOPERS" type="fix">44886] - Correctly process PICT metafile in EscherMetafileBlip</action>
           <action dev="POI-DEVELOPERS" type="fix">44893 - Take into account indentation in HSSFSheet.autoSizeColumn</action>
        </release>
        <release version="3.1-beta1" date="2008-04-28">
           <action dev="POI-DEVELOPERS" type="fix">44857 - Avoid OOM on unknown escher records when EscherMetafileBlip is incorrect</action>
           <action dev="POI-DEVELOPERS" type="add">HSLF: Support for getting embedded sounds from slide show </action>
           <action dev="POI-DEVELOPERS" type="add">HSLF: Initial support for rendering slides into images</action>
           <action dev="POI-DEVELOPERS" type="add">HSLF: Support for getting OLE object data from slide show </action>
           <action dev="POI-DEVELOPERS" type="add">HSLF: Implemented more methods in PPGraphics2D</action>
           <action dev="POI-DEVELOPERS" type="add">HSLF: Added Freeform shape which can contain both lines and Bezier curves</action>
           <action dev="POI-DEVELOPERS" type="fix">41071 - Improved text extraction in HSLF</action>
           <action dev="POI-DEVELOPERS" type="add">30311 - Conditional Formatting - improved API, added HSSFSheetConditionalFormatting</action>
           <action dev="POI-DEVELOPERS" type="fix">Update the formula parser code to use a HSSFWorkbook, rather than the low level model.Workbook, to make things cleaner and make supporting XSSF formulas in future much easier</action>
           <action dev="POI-DEVELOPERS" type="fix">Fix the logger used by POIFSFileSystem, so that commons-logging isn't required when not used</action>
           <action dev="POI-DEVELOPERS" type="add">Update HSLFSlideShow and HSSFWorkbook to take advantage of POIFS updates, and allow reading embeded documents</action>
           <action dev="POI-DEVELOPERS" type="add">Improve how POIFS works with directory entries, and update HWPFDocument to support reading an embeded word document</action>
           <action dev="POI-DEVELOPERS" type="add">Initial support for getting and changing chart and series titles</action>
           <action dev="POI-DEVELOPERS" type="add">Implement a proxy HSSFListener which tracks the format records, and lets you lookup the format string for a given cell. Convert the xls to csv example to use it</action>
           <action dev="POI-DEVELOPERS" type="fix">44792 - fixed encode/decode problems in ExternalNameRecord and CRNRecord.</action>
           <action dev="POI-DEVELOPERS" type="fix">43670, 44501 - Fix how HDGF deals with trailing data in the list of chunk headers</action>
           <action dev="POI-DEVELOPERS" type="add">30311 - More work on Conditional Formatting</action>
           <action dev="POI-DEVELOPERS" type="fix">refactored all junits' usage of HSSF.testdata.path to one place</action>
           <action dev="POI-DEVELOPERS" type="fix">44739 - Small fixes for conditional formatting (regions with max row/col index)</action>
           <action dev="RK" type="add">44694 - HPSF: Support for property sets without sections</action>
           <action dev="POI-DEVELOPERS" type="add">Implement Sheet.removeShape(Shape shape) in HSLF</action>
           <action dev="POI-DEVELOPERS" type="add">Various fixes: Recognising var-arg built-in functions #44675, ExternalNameRecord serialisation bug #44695, PMT() bug #44691</action>
           <action dev="POI-DEVELOPERS" type="add">30311 - More work on Conditional Formatting</action>
           <action dev="POI-DEVELOPERS" type="add">Move the Formula Evaluator code out of scratchpad</action>
           <action dev="POI-DEVELOPERS" type="add">Move the missing record aware eventusermodel code out of scratchpad</action>
           <action dev="POI-DEVELOPERS" type="add">44652 / 44603 - Improved handling of Pictures in Word Documents</action>
           <action dev="POI-DEVELOPERS" type="fix">44636 - Fix formula parsing of RefVPtg, which was causing #VALUE to be shown on subsequent edits</action>
           <action dev="POI-DEVELOPERS" type="fix">44627 - Improve the thread safety of POILogFactory</action>
           <action dev="POI-DEVELOPERS" type="add">30311 - Initial support for Conditional Formatting</action>
           <action dev="POI-DEVELOPERS" type="fix">44609 - Handle leading spaces in formulas, such as '= 4'</action>
           <action dev="POI-DEVELOPERS" type="add">44608 - Support for PercentPtg in the formula evaluator</action>
           <action dev="POI-DEVELOPERS" type="fix">44606 - Support calculated string values for evaluated formulas</action>
           <action dev="POI-DEVELOPERS" type="add">Add accessors to horizontal and vertical alignment in HSSFTextbox</action>
           <action dev="POI-DEVELOPERS" type="add">44593 - Improved handling of short DVRecords</action>
           <action dev="POI-DEVELOPERS" type="add">28627 / 44580 - Fix Range.delete() in HWPF</action>
           <action dev="POI-DEVELOPERS" type="add">44539 - Support for area references in formulas of rows >= 32768</action>
           <action dev="POI-DEVELOPERS" type="add">44536 - Improved support for detecting read-only recommended files</action>
           <action dev="POI-DEVELOPERS" type="fix">43901 - Correctly update the internal last cell number when adding and removing cells (previously sometimes off-by-one)</action>
           <action dev="POI-DEVELOPERS" type="fix">44504 - Added initial support for recognising external functions like YEARFRAC and ISEVEN (using NameXPtg), via LinkTable support</action>
           <action dev="POI-DEVELOPERS" type="fix">44504 - Improvements to FormulaParser - operators, precedence, error literals, quotes in string literals, range checking on IntPtg, formulas with extra un-parsed stuff at the end, improved parse error handling</action>
           <action dev="POI-DEVELOPERS" type="fix">44504 - Fixed number conversion inconsistencies in many functions, and improved RefEval</action>
           <action dev="POI-DEVELOPERS" type="fix">44504 - Added initial support for recognising external functions like YEARFRAC and ISEVEN (using NameXPtg), via LinkTable support</action>
           <action dev="POI-DEVELOPERS" type="fix">44504 - Improvements to FormulaParser - operators, precedence, error literals, quotes in string literals, range checking on IntPtg, formulas with extra un-parsed stuff at the end, improved parse error handling</action>
           <action dev="POI-DEVELOPERS" type="fix">44504 - Fixed number conversion inconsistencies in many functions, and improved RefEval</action>
           <action dev="POI-DEVELOPERS" type="fix">44508 - Fix formula evaluation with evaluateInCell on boolean formulas</action>
           <action dev="POI-DEVELOPERS" type="fix">44510 - Fix how DVALRecord works with dropdowns</action>
           <action dev="POI-DEVELOPERS" type="fix">44495 - Handle named cell ranges in formulas that have lower case parts</action>
           <action dev="POI-DEVELOPERS" type="fix">44491 - Don't have the new-style "HPSF properties are always available" affect the old-style use of HPSF alongside HSSF</action>
           <action dev="POI-DEVELOPERS" type="fix">44471 - Crystal Reports generates files with short StyleRecords, which isn't allowed in the spec. Work around this</action>
           <action dev="POI-DEVELOPERS" type="fix">44495 - Handle named cell ranges in formulas that have lower case parts</action>
           <action dev="POI-DEVELOPERS" type="fix">44491 - Don't have the new-style "HPSF properties are always available" affect the old-style use of HPSF alongside HSSF</action>
           <action dev="POI-DEVELOPERS" type="fix">44471 - Crystal Reports generates files with short StyleRecords, which isn't allowed in the spec. Work around this</action>
           <action dev="POI-DEVELOPERS" type="add">44450 - Support for Lookup, HLookup and VLookup functions</action>
           <action dev="POI-DEVELOPERS" type="fix">44449 - Avoid getting confused when two sheets have shared formulas for the same areas, and when the shared formula is set incorrectly</action>
           <action dev="POI-DEVELOPERS" type="fix">44366 - InputStreams passed to POIFSFileSystem are now automatically closed. A warning is generated for people who might've relied on them not being closed before, and a wrapper to restore the old behaviour is supplied</action>
           <action dev="POI-DEVELOPERS" type="add">44371 - Support for the Offset function</action>
           <action dev="POI-DEVELOPERS" type="fix">38921 - Have HSSFPalette.findSimilar() work properly</action>
           <action dev="POI-DEVELOPERS" type="fix">44456 - Fix the contrib SViewer / SViewerPanel to not fail on sheets with missing rows</action>
           <action dev="POI-DEVELOPERS" type="fix">44403 - Further support for unusual, but valid, arguments to the Mid function</action>
           <action dev="POI-DEVELOPERS" type="fix">44410 - Support for whole-column ranges, such as C:C, in formula strings and the formula evaluator</action>
           <action dev="POI-DEVELOPERS" type="fix">44421 - Update Match function to properly support Area references</action>
           <action dev="POI-DEVELOPERS" type="fix">44417 - Improved handling of references for the need to quote the sheet name for some formulas, but not when fetching a sheet by name</action>
           <action dev="POI-DEVELOPERS" type="fix">44413 - Fix for circular references in INDEX, OFFSET, VLOOKUP formulas, where a cell is actually allowed to reference itself</action>
           <action dev="POI-DEVELOPERS" type="fix">44403 - Fix for Mid function handling its arguments wrong</action>
           <action dev="POI-DEVELOPERS" type="add">44364 - Support for Match, NA and SumProduct functions, as well as initial function error support</action>
           <action dev="POI-DEVELOPERS" type="fix">44375 - Cope with a broken dictionary in Document Summary Information stream. RuntimeExceptions that occured when trying to read bogus data are now caught. Dictionary entries up to but not including the bogus one are preserved, the rest is ignored.</action>
           <action dev="POI-DEVELOPERS" type="fix">38641 - Handle timezones better with cell.setCellValue(Calendar), so now 20:00-03:00, 20:00+00:00 and 20:00+03:00 will all be recorded as 20:00, and not 17:00 / 20:00 / 23:00 (pass a Date not a Calendar for old behaviour)</action>
           <action dev="POI-DEVELOPERS" type="fix">44373 - Have HSSFDateUtil.isADateFormat recognize more formats as being dates</action>
           <action dev="POI-DEVELOPERS" type="add">37923 - Support for Excel hyperlinks</action>
           <action dev="POI-DEVELOPERS" type="add">Implement hashCode() and equals(obj) on HSSFFont and HSSFCellStyle</action>
           <action dev="POI-DEVELOPERS" type="fix">44345 - Implement CountA, CountIf, Index, Rows and Columns functions</action>
           <action dev="POI-DEVELOPERS" type="fix">44336 - Properly escape sheet names as required when figuring out the text of formulas</action>
           <action dev="POI-DEVELOPERS" type="add">44326 - Improvements to how SystemOutLogger and CommonsLogger log messages with exceptions, and avoid an infinite loop with certain log messages with exceptions</action>
           <action dev="POI-DEVELOPERS" type="add">Support for a completed Record based "pull" stream, via org.apache.poi.hssf.eventusermodel.HSSFRecordStream, to complement the existing "push" Event User Model listener stuff</action>
        </release>
        <release version="3.0.2-FINAL" date="2008-02-04">
            <action dev="POI-DEVELOPERS" type="fix">44297 - IntPtg must operate with unsigned short. Reading signed short results in incorrect formula calculation</action>
            <action dev="POI-DEVELOPERS" type="fix">44296 - Fix for reading slide background images</action>
            <action dev="POI-DEVELOPERS" type="fix">44293 - Avoid swapping AreaPtgs from relative to absolute</action>
            <action dev="POI-DEVELOPERS" type="fix">44292 - Correctly process the last paragraph in a word file</action>
            <action dev="POI-DEVELOPERS" type="fix">44254 - Avoid some unread byte warnings, and properly understand DVALRecord</action>
            <action dev="POI-DEVELOPERS" type="add">Add another formula evaluation method, evaluateFormulaCell(cell), which will re-calculate the value for a formula, without affecting the formula itself.</action>
            <action dev="POI-DEVELOPERS" type="fix">41726 - Fix how we handle signed cell offsets in relative areas and references</action>
            <action dev="POI-DEVELOPERS" type="add">44233 - Support for getting and setting a flag on the sheet, which tells excel to re-calculate all formulas on it at next reload</action>
            <action dev="POI-DEVELOPERS" type="fix">44201 - Enable cloning of sheets with data validation rules</action>
            <action dev="POI-DEVELOPERS" type="fix">44200 - Enable cloning of sheets with notes</action>
            <action dev="POI-DEVELOPERS" type="add">43008 - Add a moveCell method to HSSFRow, and deprecate setCellNum(), which didn't update things properly</action>
            <action dev="POI-DEVELOPERS" type="fix">43058 - Support setting row grouping on files from CR IX, which lack GutsRecords</action>
            <action dev="POI-DEVELOPERS" type="fix">31795 - Support cloning of sheets with certain drawing objects on them</action>
            <action dev="POI-DEVELOPERS" type="fix">43902 - Don't consider merged regions when auto-sizing columns</action>
            <action dev="POI-DEVELOPERS" type="fix">42464 - Avoid "Expected ExpPtg to be converted from Shared to Non-Shared Formula" on large, formula heavy worksheets</action>
            <action dev="POI-DEVELOPERS" type="add">42033 - Add support for named ranges with unicode names</action>
            <action dev="POI-DEVELOPERS" type="add">34023 - When shifting rows, update formulas on that sheet to point to the new location of those rows</action>
            <action dev="POI-DEVELOPERS" type="add">Support getting all the cells referenced by an AreaReference, not just the corner ones</action>
            <action dev="POI-DEVELOPERS" type="add">43510 - Add support for named ranges in formulas, including non-contiguous named ranges</action>
            <action dev="POI-DEVELOPERS" type="add">43937 - Add support for hiding and un-hiding sheets, and checking their current hidden status</action>
            <action dev="POI-DEVELOPERS" type="fix">44167 - Fix for non-contiguous named ranges</action>
            <action dev="POI-DEVELOPERS" type="fix">44070 - Fix for shifting comments when shifting rows</action>
        </release>
        <release version="3.0.2-BETA2" date="2008-01-12">
            <action dev="POI-DEVELOPERS" type="add">Support for tables in HSLF</action>
            <action dev="POI-DEVELOPERS" type="fix">43781 - Fix for extracting text from TextBoxes HSLF in</action>
            <action dev="POI-DEVELOPERS" type="fix">Improve JavaDocs relating to hssf font and fill colourings</action>
            <action dev="POI-DEVELOPERS" type="add">44095, 44097, 44099 - [PATCH] Support for Mid, Replace and Substitute excel functions</action>
            <action dev="POI-DEVELOPERS" type="add">44055 - [PATCH] Support for getting the from field from HSMF messages</action>
            <action dev="POI-DEVELOPERS" type="add">43551 - [PATCH] Support for 1904 date windowing in HSSF (previously only supported 1900 date windowing)</action>
            <action dev="POI-DEVELOPERS" type="add">41064 - [PATCH] Support for String continue records</action>
            <action dev="POI-DEVELOPERS" type="add">27511 - [PATCH] Support for data validation, via DVRecord and DVALRecord</action>
        </release>
        <release version="3.0.2-BETA1" date="2007-12-04">
            <action dev="POI-DEVELOPERS" type="fix">43877 - Fix for handling mixed OBJ and CONTINUE records</action>
            <action dev="POI-DEVELOPERS" type="fix">39512 - Fix for handling mixed OBJ and CONTINUE records</action>
            <action dev="POI-DEVELOPERS" type="fix">43837 - [PATCH] Support for unicode NameRecords</action>
            <action dev="POI-DEVELOPERS" type="fix">43807 - Throw an IllegalArgumentException if asked to create a merged region with invalid columns or rows, rather than writing out a corrupt file</action>
            <action dev="POI-DEVELOPERS" type="fix">43837 - [PATCH] Support for unicode NameRecords</action>
            <action dev="POI-DEVELOPERS" type="add">43721 - [PATCH] Support for Chart Title Format records</action>
            <action dev="POI-DEVELOPERS" type="fix">42794 - [PATCH] Fix for BOF records from things like Access</action>
            <action dev="POI-DEVELOPERS" type="fix">43648 - Fix for IntPtg and short vs int</action>
            <action dev="POI-DEVELOPERS" type="fix">43751 - [PATCH] - Fix for handling rotated text in HSSFSheet.autoSizeColumn</action>
            <action dev="POI-DEVELOPERS" type="add">Include an Excel text extractor, and put all existing text extractors under a common superclass</action>
            <action dev="POI-DEVELOPERS" type="add">Improvements to the LZW compression engine used by HDGF</action>
            <action dev="POI-DEVELOPERS" type="add">HSSFPicture.resize() - a handy method to reset a picture to its original width and height</action>
            <action dev="POI-DEVELOPERS" type="add">Add a getSheetIndex(HSSFSheet) method to HSSFWorkbook, and allow a HSSFSheet to get at its parent HSSFWorkbook</action>
            <action dev="POI-DEVELOPERS" type="add">Move POIDocument out of Scratchpad, and update HSSFWorkbook to use it</action>
            <action dev="POI-DEVELOPERS" type="fix">43399 - [PATCH] - Fix for Cell References for rows > 32678</action>
            <action dev="POI-DEVELOPERS" type="fix">43410 - [PATCH] - Improved Formula Parser support for numbers and ranges</action>
            <action dev="POI-DEVELOPERS" type="add">When writing HSLF files out, optionally preserve all OLE2 nodes (default is just the HSLF related nodes)</action>
            <action dev="POI-DEVELOPERS" type="add">43323 - [PATCH] - Support for adding Pictures to ShapeGroups in HSLF.</action>
            <action dev="POI-DEVELOPERS" type="add">43222 - [PATCH] - Support for getting OLE object data from HSSFWorkbook.</action>
            <action dev="POI-DEVELOPERS" type="add">43247 - [PATCH] - Support for getting OLE object data from slideshows.</action>
            <action dev="POI-DEVELOPERS" type="add">43125 - [PATCH] - Support for reading EMF, WMF and PICT images via HSSFWorkbook.getAllPictures()</action>
            <action dev="POI-DEVELOPERS" type="fix">43088 - [PATCH] - Fix for reading files with long cell comments and text boxes</action>
            <action dev="POI-DEVELOPERS" type="fix">42844 - [PATCH] - Fix for the EventUserModel and records that aren't immediately followed by their ContinueRecords</action>
            <action dev="POI-DEVELOPERS" type="fix">43055 - [PATCH] - Fix for saving Crystal Reports xls files when preserving nodes</action>
            <action dev="POI-DEVELOPERS" type="fix">43116 - [PATCH] - Fix for Escher layer handling of embeded OLE2 documents</action>
            <action dev="POI-DEVELOPERS" type="fix">43108 - [PATCH] - Where permissions deny fetching System Properties, use sensible defaults</action>
            <action dev="POI-DEVELOPERS" type="fix">43093 - [PATCH] - Fix formula evaluator support for Area3D references to other sheets</action>
            <action dev="POI-DEVELOPERS" type="fix">Improvements to HSSFDateUtils.isADateFormat, and have HSSFDateUtil.isCellDateFormatted use this</action>
            <action dev="POI-DEVELOPERS" type="fix">42999 - [PATCH] - Fix for HSSFPatriarch positioning problems</action>
            <action dev="POI-DEVELOPERS" type="add">Support for write-protecting a HSSF workbook</action>
            <action dev="POI-DEVELOPERS" type="add">Support for querying, setting and un-setting protection on sheets in a HSSF workbook</action>
            <action dev="POI-DEVELOPERS" type="add">Initial HSMF (outlook) support</action>
            <action dev="POI-DEVELOPERS" type="fix">Tidy up the javadocs</action>
        </release>

        <release version="3.0.1-FINAL" date="2007-07-05">
            <action dev="POI-DEVELOPERS" type="fix">Administrative updates to the Maven POMs, and the release artificat build process</action>
            <action dev="POI-DEVELOPERS" type="fix">23951 - [PATCH] Fix for HSSF setSheetOrder and tab names</action>
            <action dev="POI-DEVELOPERS" type="fix">42524 - [PATCH] Better HSLF support for problem shape groups</action>
            <action dev="POI-DEVELOPERS" type="fix">42520 - [PATCH] Better HSLF support for corrupt picture records</action>
            <action dev="POI-DEVELOPERS" type="add">Initial support for a "missing record aware" HSSF event model</action>
            <action dev="POI-DEVELOPERS" type="add">Additional HSLF support for Title and Slide Master Sheets</action>
            <action dev="POI-DEVELOPERS" type="fix">42474 - [PATCH] Improved HSLF note to slide matching, and a NPE</action>
            <action dev="POI-DEVELOPERS" type="fix">42481 - [PATCH] Tweak some HSLF exceptions, to make it clearer what you're catching</action>
            <action dev="POI-DEVELOPERS" type="fix">42667 - [PATCH] Fix for HSLF writing of files with tables</action>
            <action dev="POI-DEVELOPERS" type="add">Improved way of detecting HSSF cells that contain dates, isADateFormat</action>
            <action dev="POI-DEVELOPERS" type="add">Initial, read-only support for Visio documents, as HDGF</action>
        </release>

        <release version="3.0-FINAL" date="2007-05-18">
            <action dev="POI-DEVELOPERS" type="fix">39977 - [PATCH] Fix POM for Maven users</action>
            <action dev="POI-DEVELOPERS" type="fix">38976 - [PATCH] Add createPicture to HSSFShapeGroup</action>
            <action dev="POI-DEVELOPERS" type="add">Detect Office 2007 XML documents, and throw a meaningful exception</action>
			<action dev="POI-DEVELOPERS" type="add">Additional HSLF support for PowerPoint</action>
			<action dev="POI-DEVELOPERS" type="add">Initial support for HWPF image extraction</action>
        </release>

        <release version="3.0-alpha3" date="2006-12-12">
			<action dev="POI-DEVELOPERS" type="add">Additional HSLF support for PowerPoint</action>
        </release>

        <release version="3.0-alpha2" date="2006-06-16">
            <action dev="POI-DEVELOPERS" type="add">HSSF Formula support</action>
			<action dev="POI-DEVELOPERS" type="add">Additional HSLF support for PowerPoint</action>
            <action dev="POI-DEVELOPERS" type="fix">39389 - [PATCH] Extended Ascii support for WingDings</action>
        </release>

        <release version="3.0-alpha1" date="2005-06-04">
            <action dev="POI-DEVELOPERS" type="fix" context="All">Bugzilla Bug 29976 [PATCH] HSSF hyperlink formula size problem</action>
	    <action dev="POI-DEVELOPERS" type="add" context="All">Image writing support</action>
	    <action dev="NB" type="add" context="All">HSLF - Initial PowerPoint Support. Includes: Support for text extraction across the whole file; Support for getting individual slides, and their notes, and extracting text from those; Initial support for changing (but not adding) text</action>
        </release>

        <release version="2.5.1-FINAL" date="2004-02-29">
            <action dev="POI-DEVELOPERS" type="add" context="All">Outlining support</action>
            <action dev="POI-DEVELOPERS" type="fix" context="All">27574 - [PATCH] HSSFDateUtil.getExcelDate() is one hour off when DST changes</action>
            <action dev="POI-DEVELOPERS" type="fix" context="All">26465 - [PATCH] wrong lastrow entry</action>
            <action dev="POI-DEVELOPERS" type="fix" context="All">28203 - [PATCH] Unable to open read-write excel file including forms</action>
        </release>

        <release version="2.5-FINAL" date="2004-02-29">
            <action dev="POI-DEVELOPERS" type="add" context="All">Add support for the Escher file format</action>
            <action dev="POI-DEVELOPERS" type="fix" context="All">27005 java.lang.IndexOutOfBoundsException during Workbook.cloneSheet()</action>
        </release>

        <release version="2.0-FINAL" date="2004-01-26">
            <action dev="POI-DEVELOPERS" type="update" context="All">No changes</action>
        </release>

        <release version="2.0-RC2" date="2004-01-11">
            <action dev="POI-DEVELOPERS" type="fix" context="All">Bug 25695 - HSSFCell.getStringCellValue() on cell which has string formula will return swap bye unicode characters.</action>
            <action dev="POI-DEVELOPERS" type="fix" context="All">Updated website for upcoming release</action>
            <action dev="POI-DEVELOPERS" type="fix" context="All">Formula Parser fixes with tests, by Peter M Murray Bug 25457</action>
            <action dev="POI-DEVELOPERS" type="fix" context="All">Fixed cloning merge regions</action>
            <action dev="POI-DEVELOPERS" type="fix" context="All">The cloned reference for merged cells did not create a new collection, so deletes cascaded to the original.</action>
            <action dev="POI-DEVELOPERS" type="fix" context="All">Fix to 24519 call to getCustomPalette() from a newly created workbook now works</action>
            <action dev="POI-DEVELOPERS" type="fix" context="All">Fix supplied for bug 24397 where some compilation got ambiguous classes.  Explicitly imports the classes.  Patch supplied by Jean-Pierre Paris.</action>
        </release>

        <release verion="2.0-RC1" date="2003-11-02">
            <action dev="POI-DEVELOPERS" type="fix" context="All">12561 (Min)	HSSFWorkbook throws Exceptions</action>
            <action dev="POI-DEVELOPERS" type="fix" context="All">12730 (Nor)	values dont get copied to another sheet.</action>
            <action dev="POI-DEVELOPERS" type="fix" context="All">13224 (Maj)	Exception thrown when cell has =Names call</action>
            <action dev="POI-DEVELOPERS" type="fix" context="All">13796 (Nor)	Error Reading Formula Record (optimized if, external link)</action>
            <action dev="POI-DEVELOPERS" type="fix" context="All">13921 (Nor)	Sheet name cannot exceed 31 characters and cannot contain :</action>
            <action dev="POI-DEVELOPERS" type="fix" context="All">14330 (Nor)	Error reading FormulaRecord</action>
            <action dev="POI-DEVELOPERS" type="fix" context="All">14460 (Nor)	Name in Formula - ArrayOutOfBoundsException</action>
            <action dev="POI-DEVELOPERS" type="fix" context="All">15228 (Cri)	[Urgent] ArrayIndexoutofbounds Exception. POI - Version 1.8</action>
            <action dev="POI-DEVELOPERS" type="fix" context="All">16488 (Maj)	Unable to open written spreadsheet in Excel, but can in Open</action>
            <action dev="POI-DEVELOPERS" type="fix" context="All">16559 (Nor)	testCustomPalette.xls crashes Excel 97</action>
            <action dev="POI-DEVELOPERS" type="fix" context="All">16560 (Nor)	testBoolErr.xls crashes Excel '97</action>
            <action dev="POI-DEVELOPERS" type="fix" context="All">17374 (Min)	HSSFFont - BOLDWEIGHT_NORMAL</action>
            <action dev="POI-DEVELOPERS" type="fix" context="All">18800 (Maj)	The sheet made by HSSFWorkbook#cloneSheet() doesn't work cor</action>
            <action dev="POI-DEVELOPERS" type="fix" context="All">18846 (Min)	[PATCH][RFE]Refactor the transformation between byte array a</action>
            <action dev="POI-DEVELOPERS" type="fix" context="All">19599 (Min)	java.lang.IllegalArgumentException</action>
            <action dev="POI-DEVELOPERS" type="fix" context="All">19961 (Nor)	[PATCH] Sheet.getColumnWidth() returns wrong value</action>
            <action dev="POI-DEVELOPERS" type="fix" context="All">21066 (Blo)	Can not modify a blank spreadsheet</action>
            <action dev="POI-DEVELOPERS" type="fix" context="All">21444 (Enh)	[PATCH] Macro functions</action>
            <action dev="POI-DEVELOPERS" type="fix" context="All">21447 (Nor)	[RFE]String Formula Cells</action>
            <action dev="POI-DEVELOPERS" type="fix" context="All">21674 (Enh)	[PATCH] Documentation changes for @(Greater|Less|Not)EqualPt</action>
            <action dev="POI-DEVELOPERS" type="fix" context="All">21863 (Enh)	[PATCH] build.xml fixes</action>
            <action dev="POI-DEVELOPERS" type="fix" context="All">22195 (Nor)	[RFE] [PATCH] Support for Storage Class ID</action>
            <action dev="POI-DEVELOPERS" type="fix" context="All">22742 (Cri)	Failed to create HSSFWorkbook!</action>
            <action dev="POI-DEVELOPERS" type="fix" context="All">22922 (Cri)	HSSFSheet.shiftRows() throws java.lang.IndexOutOfBoundsExcep</action>
            <action dev="POI-DEVELOPERS" type="fix" context="All">22963 (Nor)	org.apache.poi.hpsf.SummaryInformation.getEditTime() should</action>
            <action dev="POI-DEVELOPERS" type="fix" context="All">24149 (Maj)	Error passing inputstream to POIFSFileSystem</action>
            <action dev="POI-DEVELOPERS" type="fix" context="All">21722 (Nor)	[PATCH] Add a ProtectRecord to Sheets and give control over</action>
            <action dev="POI-DEVELOPERS" type="fix" context="All">9576  (Nor) 	[PATCH] DBCELL, INDEX EXTSST (was Acess 97 import)</action>
            <action dev="POI-DEVELOPERS" type="fix" context="All">13478 (Blo)	[PATCH] [RFE] POIFS, RawDataBlock: Missing workaround for lo</action>
            <action dev="POI-DEVELOPERS" type="fix" context="All">14824 (Nor)	Unable to modify empty sheets</action>
            <action dev="POI-DEVELOPERS" type="fix" context="All">12843 (Cri)	[PATCH] Make POI handle chinese better</action>
            <action dev="POI-DEVELOPERS" type="fix" context="All">15353 (Nor)	[RFE] creating a cell with a hyperlink</action>
            <action dev="POI-DEVELOPERS" type="fix" context="All">15375 (Blo)	Post 1.5.1 POI causes spreadsheet to become unopenable.</action>
        </release>

        <release version="2.0-pre3" date="2003-07-29">
            <action dev="POI-DEVELOPERS" type="add" context="All">HPSF is now able to read properties which are given in the property set stream but which don't have a value ("variant" type VT_EMPTY). The getXXX() methods of the PropertySet class return null if their return type is a reference (like a string) or 0 if the return type is numeric. Details about the return types and about how to distinguish between a property value of zero and a property value that is not present can be found in the API documentation.</action>
            <action dev="POI-DEVELOPERS" type="fix" context="All">Gridlines can now be turned on and off</action>
            <action dev="POI-DEVELOPERS" type="fix" context="All">NamePTG refactoring/fixes</action>
            <action dev="POI-DEVELOPERS" type="fix" context="All">minor fixes to ExternSheet and formula strings</action>
            <action dev="POI-DEVELOPERS" type="fix" context="All">Sheet comparisons now ignore case</action>
        </release>

        <release version="2.0-pre2" date="2003-07-06">
            <action dev="POI-DEVELOPERS" type="fix" context="All" >A nasty concurrency problem has been fixed. Any users working in a multithreaded environment should seriously consider upgrading to this release.</action>
            <action dev="POI-DEVELOPERS" type="update" context="All">The EXTSST record has been implemented. This record is used by excel for optimized reading of strings.</action>
            <action dev="POI-DEVELOPERS" type="update" context="All">When rows are shifted, the merged regions now move with them. If a row contains 2 merged cells, the resulting shifted row should have those cells merged as well.</action>
            <action dev="POI-DEVELOPERS" type="fix" context="All">There were some issues when removing merged
		    regions (specifically, removing all of them and then adding some more) and have been resolved.</action>
            <action dev="POI-DEVELOPERS" type="fix" context="All">When a sheet contained shared formulas (when a formula is
		    dragged across greater than 6 cells), the clone would fail. We now support cloning of
		    sheets that contain this Excel optimization. </action>
            <action dev="POI-DEVELOPERS" type="add" context="All">Support added for reading formulas with UnaryPlus and UnaryMinus operators.</action>
        </release>
        <release version="2.0-pre1" date="2003-05-17">
            <action dev="POI-DEVELOPERS" type="add" context="All">Patch applied for deep cloning of worksheets was provided</action>
            <action dev="POI-DEVELOPERS" type="add" context="All">Patch applied to allow sheet reordering</action>
            <action dev="POI-DEVELOPERS" type="add" context="All">Added additional print area setting methods using row/column numbers</action>
            <action dev="POI-DEVELOPERS" type="fix" context="All">HDF:  Negative Array size fix</action>
            <action dev="POI-DEVELOPERS" type="update" context="All">Added argument pointers to support the IF formula</action>
            <action dev="POI-DEVELOPERS" type="update" context="All">Formulas: Added special character support for string literals, specifically for SUMIF formula support and addresses a bug as well</action>
            <action dev="POI-DEVELOPERS" type="fix" context="All">BlockingInputStream committed to help ensure reads</action>
            <action dev="POI-DEVELOPERS" type="fix" context="All">Fixed problem with NaN values differing from the investigated value from file reads in FormulaRecords</action>
            <action dev="POI-DEVELOPERS" type="fix" context="All">Patch for getColumnWidth in HSSF</action>
            <action dev="POI-DEVELOPERS" type="add" context="All">Patch for dealing with mult-level numbered lists in HDF</action>
            <action dev="POI-DEVELOPERS" type="fix" context="All">Due to named reference work, several named-ranged bugs were closed</action>
            <action dev="POI-DEVELOPERS" type="fix" context="All">Patch applied to prevent sheet corruption after a template modification</action>
            <action dev="POI-DEVELOPERS" type="update" context="All">Shared Formulas now Supported</action>
            <action dev="POI-DEVELOPERS" type="update" context="All">Added GreaterEqual, LessEqual and NotEqual to Formula Parser</action>
            <action dev="POI-DEVELOPERS" type="update" context="All">Added GreaterThan and LessThan functionality to formulas</action>
            <action dev="POI-DEVELOPERS" type="fix" context="All">Patches for i10n</action>
            <action dev="POI-DEVELOPERS" type="update" context="All">POI Build System Updated</action>
            <action dev="POI-DEVELOPERS" type="fix" context="All">font names can now be null</action>
        </release>
        <release version="1.10-dev" date="2003-02-19">
            <action dev="POI-DEVELOPERS" type="add" context="All">Support for zoom level</action>
            <action dev="POI-DEVELOPERS" type="add" context="All">Freeze and split pane support</action>
            <action dev="POI-DEVELOPERS" type="add" context="All">Row and column headers on printouts</action>
        </release>
        <release version="1.8-dev" date="2002-09-20">
            <action dev="POI-DEVELOPERS" type="add" context="All">Custom Data Format Support</action>
            <action dev="POI-DEVELOPERS" type="add" context="All">Enhanced Unicode Support for Russian and Japanese</action>
            <action dev="POI-DEVELOPERS" type="add" context="All">Enhanced formula support including read-only for
                "optimized if" statements.</action>
            <action dev="POI-DEVELOPERS" type="add" context="All">Support for cloning objects</action>
            <action dev="POI-DEVELOPERS" type="add" context="All">Fixes for header/footer</action>
            <action dev="POI-DEVELOPERS" type="add" context="All">Spanish Documentation translations</action>
            <action dev="POI-DEVELOPERS" type="add" context="All">Support for preserving VBA macros</action>
        </release>
        <release version="1.7-dev" date="Release date not recorded">
            <action dev="NKB" type="update" context="All">Removed runtime dependency on commons logging.</action>
            <action dev="POI-DEVELOPERS" type="update" context="All">Formula support</action>
        </release>
        <release version="1.5.1" date="2002-06-16">
            <action dev="GJS" type="update" context="All">Removed depedency on commons logging.  Now define poi.logging system property to enable logging to standard out.</action>
            <action dev="GJS" type="fix" context="All">Fixed SST string handling so that spreadsheets with rich text or extended text will be read correctly.</action>
        </release>
        <release version="1.5" date="2002-05-06">
            <action dev="NKB" type="update" context="All">New project build.</action>
            <action dev="NKB" type="update" context="All">New project documentation system based on Cocoon.</action>
            <action dev="POI-DEVELOPERS" type="update" context="All">Package rename</action>
            <action dev="POI-DEVELOPERS" type="fix" context="All">Various bug fixes</action>
            <action dev="POI-DEVELOPERS" type="add" context="All">Early stages of HSF development (not ready for development)</action>
            <action dev="POI-DEVELOPERS" type="add" context="All">Initial low level record support for charting (not complete)</action>
        </release>
        <release version="1.1.0" date="Release date not recorded">
            <action dev="POI-DEVELOPERS" type="update" context="All">Created new event model</action>
            <action dev="POI-DEVELOPERS" type="update" context="All">Optimizations made to HSSF including aggregate records for
                values, rows, etc.</action>
            <action dev="POI-DEVELOPERS" type="update" context="All">predictive sizing, offset based writing (instead of lots of
                array copies)</action>
            <action dev="POI-DEVELOPERS" type="update" context="All">minor re-factoring and bug fixes.</action>
        </release>
        <release version="1.0.0" date="Release date not recorded">
            <action dev="POI-DEVELOPERS" type="update" context="All">Minor documentation updates.</action>
        </release>
        <release version="0.14.0" date="Release date not recorded">
            <action dev="POI-DEVELOPERS" type="update" context="All">Added DataFormat helper class and exposed set and get format
                on HSSFCellStyle</action>
            <action dev="POI-DEVELOPERS" type="update" context="All">Fixed column width apis (unit wise) and various javadoc on
                the subject</action>
            <action dev="POI-DEVELOPERS" type="update" context="All">Fix for Dimensions record (again)... (one of these days I'll
                write a unit test for this ;-p).</action>
            <action dev="POI-DEVELOPERS" type="update" context="All">Some optimization on sheet creation.</action>
        </release>
        <release version="0.13.0" date="Release date not recorded">
            <action dev="POI-DEVELOPERS" type="update" context="All">Changes not recorded.</action>
        </release>
        <release version="0.12.0" date="Release date not recorded">
            <action dev="POI-DEVELOPERS" type="update" context="All">Added MulBlank, Blank, ColInfo</action>
            <action dev="POI-DEVELOPERS" type="update" context="All">Added log4j facility and removed all sys.out type logging</action>
            <action dev="POI-DEVELOPERS" type="update" context="All">Added support for adding font's, styles and corresponding
                high level api for styling cells</action>
            <action dev="POI-DEVELOPERS" type="update" context="All">added support for changing row height, cell width and default
                row height/cell width.</action>
            <action dev="POI-DEVELOPERS" type="update" context="All">Added fixes for internationalization (UTF-16 should work now
                from HSSFCell.setStringValue, etc when the encoding is set)</action>
            <action dev="POI-DEVELOPERS" type="update" context="All">added support for adding/removing and naming sheets.</action>
        </release>
        <release version="0.11.0" date="Release date not recorded">
            <action dev="POI-DEVELOPERS" type="update" context="All">Bugfix release. We were throwing an exception when reading
                RKRecord objects.</action>
        </release>
        <release version="0.10.0" date="Release date not recorded">
            <action dev="POI-DEVELOPERS" type="update" context="All">Got continuation records to work (read/write)</action>
            <action dev="POI-DEVELOPERS" type="update" context="All">Added various pre-support for formulas</action>
            <action dev="POI-DEVELOPERS" type="update" context="All">Massive API reorganization, repackaging.</action>
            <action dev="POI-DEVELOPERS" type="update" context="All">BiffViewer class added for validating HSSF &amp; POI and/or
                HSSF Output.</action>
            <action dev="POI-DEVELOPERS" type="update" context="All">Better API support for modification.</action>
        </release>
        <release version="0.7 (and interim releases)" date="Release date not recorded">
            <action dev="POI-DEVELOPERS" type="update" context="All">Added encoding flag to high and low level api to use utf-16
                when needed (HSSFCell.setEncoding())</action>
            <action dev="POI-DEVELOPERS" type="update" context="All">added read only support for Label records (which are
                reinterpreted as LabelSST when written)</action>
            <action dev="POI-DEVELOPERS" type="update" context="All">Broken continuation record implementation (oops)</action>
            <action dev="POI-DEVELOPERS" type="update" context="All">BiffViewer class added for validating HSSF &amp; POI and/or
                HSSF Output.</action>
        </release>
        <release version="0.6 (release)" date="Release date not recorded">
            <action dev="POI-DEVELOPERS" type="update" context="All">Support for read/write and modify.</action>
            <action dev="POI-DEVELOPERS" type="update" context="All">Read only support for MulRK records (converted to Number when
                writing)
            </action>
        </release>

    </changes>


    <todo>
<!--        <title>Things To Do for POI</title>-->

        <actions context="all" priority="high">
            <action context="code" dev="NKB">
                Finish HDF
            </action>
            <action context="code" dev="GS">
                Finish Charts
            </action>
            <action context="code" dev="open">
                Finish Formulas.
            </action>
        </actions>

        <actions context="all" priority="medium">
            <action context="code" dev="open">
                Expose functionality in low level records in higher level API
            </action>
            <action context="code" dev="open">
                Implement more record types.
            </action>
            <action context="code" dev="open">
                Add more dummy checks (for when API user's do things they
                &quot;can't&quot; do).  This will involve exploring the various
                upper limits on the things Excel can handle.
            </action>
            <action context="code" dev="open">
                Add support for embedded graphics and other objects.
            </action>
            <action context="code" dev="open">
                Create new adapter object for handling MulBlank, MulRk, Rk
                records.
            </action>
            <action context="code" dev="open">
                Add a way to copy sheets.
            </action>
        </actions>

    </todo>

</status>
